{
  "metrics": {
    "cv_scores": [
      0.9791666666666666,
      1.0,
      1.0,
      1.0,
      0.9791666666666666
    ],
    "classification_report": {
      "botnet": {
        "precision": 1.0,
        "recall": 1.0,
        "f1-score": 1.0,
        "support": 14.0
      },
      "ddos": {
        "precision": 1.0,
        "recall": 1.0,
        "f1-score": 1.0,
        "support": 10.0
      },
      "normal": {
        "precision": 1.0,
        "recall": 1.0,
        "f1-score": 1.0,
        "support": 36.0
      },
      "accuracy": 1.0,
      "macro avg": {
        "precision": 1.0,
        "recall": 1.0,
        "f1-score": 1.0,
        "support": 60.0
      },
      "weighted avg": {
        "precision": 1.0,
        "recall": 1.0,
        "f1-score": 1.0,
        "support": 60.0
      }
    },
    "confusion_matrix": [
      [
        14,
        0,
        0
      ],
      [
        0,
        10,
        0
      ],
      [
        0,
        0,
        36
      ]
    ],
    "training_samples": 240,
    "test_samples": 60
  },
  "feature_importance": {
    "mutual_info": [
      0.25554970595586735,
      0.0,
      0.0,
      0.8001865073101999,
      0.12208607033684604,
      0.18954518002990728,
      0.1985421637469671,
      0.9088714114478426,
      0.8950509650283391,
      0.1727259541507007,
      0.22960012606772073,
      0.10675146073422148,
      0.9280516014289173,
      0.9048956920605662,
      0.054085959680221674,
      0.007162291767407236,
      0.0,
      0.9331260061908221,
      0.6404808487202969
    ],
    "random_forest": [
      0.012361712633802284,
      0.0,
      0.0,
      0.09290828058017447,
      0.003266516770978556,
      0.002626106737479637,
      0.00832407807898051,
      0.16620646083483354,
      0.12116168849812288,
      0.005900197938124067,
      0.005116774665379008,
      0.003112796950469399,
      0.18070134046680178,
      0.15701188111155576,
      0.0006652398526957014,
      0.0004446409985368863,
      4.1930458359680895e-17,
      0.20788695131540802,
      0.03230533256665744
    ]
  },
  "model_params": {
    "bootstrap": true,
    "ccp_alpha": 0.0,
    "class_weight": {
      "botnet": 1.3793103448275863,
      "ddos": 2.1052631578947367,
      "normal": 0.5555555555555556
    },
    "criterion": "entropy",
    "max_depth": 15,
    "max_features": "sqrt",
    "max_leaf_nodes": null,
    "max_samples": null,
    "min_impurity_decrease": 0.0,
    "min_samples_leaf": 2,
    "min_samples_split": 5,
    "min_weight_fraction_leaf": 0.0,
    "monotonic_cst": null,
    "n_estimators": 200,
    "n_jobs": null,
    "oob_score": false,
    "random_state": 42,
    "verbose": 0,
    "warm_start": false
  },
  "timestamp": "2025-03-23T00:27:00.332327",
  "training_date": "20250323_002700"
}