{
  "feature_importance": [
    0.01163087056293454,
    0.0,
    0.0,
    0.08866802533298195,
    0.0026568331317679576,
    0.0038074573998151716,
    0.011909857232708772,
    0.14889010120214302,
    0.1310650178038455,
    0.009015193603241293,
    0.0069694946594671126,
    0.0011819098888070012,
    0.17331598083941202,
    0.16991167271670624,
    0.0007466803344191369,
    0.0005121427748193423,
    0.00041033614212316135,
    0.20219592072296705,
    0.03711250565184069
  ],
  "cv_scores": [
    0.9791666666666666,
    1.0,
    1.0,
    1.0,
    0.9791666666666666
  ],
  "classification_report": {
    "botnet": {
      "precision": 1.0,
      "recall": 1.0,
      "f1-score": 1.0,
      "support": 14.0
    },
    "ddos": {
      "precision": 1.0,
      "recall": 1.0,
      "f1-score": 1.0,
      "support": 10.0
    },
    "normal": {
      "precision": 1.0,
      "recall": 1.0,
      "f1-score": 1.0,
      "support": 36.0
    },
    "accuracy": 1.0,
    "macro avg": {
      "precision": 1.0,
      "recall": 1.0,
      "f1-score": 1.0,
      "support": 60.0
    },
    "weighted avg": {
      "precision": 1.0,
      "recall": 1.0,
      "f1-score": 1.0,
      "support": 60.0
    }
  },
  "training_samples": 240,
  "test_samples": 60,
  "timestamp": "2025-03-22T23:01:00.264407"
}